Folio interno,Nombre de la mascota ,Sexo,Tamaño,Grupo etario
1,Balam,Macho,Grande,Adulto
2,Ameyalli,Hembra,Mediano,Adulto
3,Citlalli,Hembra,Mediano,Adulto
4,Tonatiuh,Macho,Mediano,Adulto
5,Zolin,Macho,Mediano,Geriatrico
6,Yolotzin,Macho,Mediano,Adulto
7,Xóchi,Hembra,Mediano,Adulto
8,Itzae,Hembra,Mediano,Adulto
9,Metztli,Hembra,Mediano,Adulto
10,Nochtli,Macho,Mediano,Adulto
11,Cuauhtli,Macho,Mediano,Adulto
12,Tláloc,Hembra,Mediano,Adulto
13,Mazatl,Hembra,Mediano,Adulto
14,Ocelotl,Macho,Mediano,Geriatrico
15,Quetzalli,Hembra,Mediano,Adulto
16,Ehécatl,Hembra,Mediano,Adulto
17,Xipil,Hembra,Mediano,Geriatrico
18,Zeltzin,Hembra,Mediano,Geriatrico
19,Yaotl,Macho,Mediano,Adulto
20,Atl,Hembra,Mediano,Geriatrico
21,Centli,Hembra,Mediano,Adulto
22,Chapolin,Hembra,Mediano,Geriatrico
23,Coyotl,Hembra,Mediano,Adulto
24,Huehue,Macho,Mediano,Geriatrico
25,Ihuicatl,Macho,Mediano,Geriatrico
26,Ilhuitl,Hembra,Mediano,Adulto
27,Bóox,Hembra,Mediano,Adulto
28,Kaan,Hembra,Mediano,Geriatrico
30,Miztli,Hembra,Mediano,Geriatrico
31,Macalli,Macho,Mediano,Geriatrico
32,Malinalli,Hembra,Mediano,Geriatrico
33,Lool,Macho,Mediano,Adulto
34,Nelli,Hembra,Mediano,Adulto
35,Ohtli,Macho,Grande,Geriatrico
36,Paktli,Hembra,Chico,Geriatrico
37,Papalotl,Hembra,Mediano,Geriatrico
38,Quiahuitl,Macho,Mediano,Geriatrico
39,Tlalli,Macho,Mediano,Geriatrico
40,Tletl,Macho,Mediano,Adulto
41,Tochtli,Macho,Mediano,Geriatrico
42,Xayacatl,Hembra,Mediano,Adulto
43,Xicohtencatl,Macho,Mediano,Adulto
44,Xilotl,Hembra,Mediano,Adulto
45,Yancuic,Hembra,Mediano,Adulto
46,Yatzil,Hembra,Mediano,Adulto
47,Zazil,Hembra,Mediano,Adulto
48,Acatl,Macho,Mediano,Adulto
49,Ahuacatl,Hembra,Mediano,Adulto
50,Alotl,Macho,Mediano,Adulto
51,Ayotl,Macho,Mediano,Adulto
52,Cacalotl,Hembra,Mediano,Adulto
53,Calli,Hembra,Mediano,Adulto
54,Canauhtli,Hembra,Mediano,Geriatrico
55,Coatl,Hembra,Mediano,Adulto
56,Cochotl,Macho,Mediano,Geriatrico
57,Chimal,Hembra,Mediano,Geriatrico
58,Copalli,Macho,Mediano,Adulto
59,Huacalli,Hembra,Chico,Adulto
60,Huitzilin,Macho,Mediano,Geriatrico
61,Icnocuauhtli,Hembra,Mediano,Adulto
62,Icxo,Macho,Grande,Adulto
63,Itzcuintli,Hembra,Mediano,Adulto
64,Ixchel,Hembra,Mediano,Adulto
65,Ixtli,Hembra,Mediano,Adulto
66,Mayahuel,Hembra,Mediano,Geriatrico
67,Moyotl,Hembra,Chico,Adulto
68,Nalli,Hembra,Grande,Adulto
69,Necuametl,Macho,Grande,Adulto
70,Olin,Hembra,Mediano,Adulto
71,Ozomatli,Macho,Mediano,Adulto
72,Pachtli,Macho,Grande,Adulto
73,Pilli,Macho,Mediano,Adulto
74,Popoca,Hembra,Grande,Adulto
75,Quetzal,Macho,Mediano,Geriatrico
76,Quilitl,Hembra,Mediano,Adulto
77,Tecolotl,Hembra,Mediano,Adulto
78,Tecuani,Hembra,Chico,Geriatrico
79,Tenoch,Macho,Chico,Adulto
80,Teocalli,Hembra,Chico,Adulto
81,Tepetl,Macho,Mediano,Adulto
82,Tepoztli,Hembra,Chico,Geriatrico
83,Tlalantli,Hembra,Mediano,Adulto
84,Tlalocan,Macho,Chico,Geriatrico
85,Tototl,Hembra,Mediano,Adulto
86,Tzapotl,Macho,Chico,Geriatrico
87,Xalli,Hembra,Mediano,Adulto
88,Xical,Hembra,Mediano,Adulto
89,Xaloc,Macho,Grande,Geriatrico
90,Xictli,Macho,Grande,Adulto
91,Xiloxochitl,Macho,Mediano,Adulto
92,Xiuh,Macho,Chico,Adulto
93,Yohualli,Hembra,Mediano,Adulto
94,Xolotl,Macho,Chico,Adulto
95,Yolotl,Hembra,Chico,Adulto
96,Zacatl,Hembra,Chico,Adulto
97,Ahuiliztli,Macho,Chico,Geriatrico
98,Centeotl,Macho,Chico,Geriatrico
99,Chalchiuhtlicue,Hembra,Mediano,Adulto
100,Chichiltic,Macho,Mediano,Adulto
101,Acamapichtli,Hembra,Mediano,Geriatrico
102,Altepetl,Macho,Chico,Adulto
103,Amacuahuitl,Macho,Chico,Adulto
104,Ayauhtli,Macho,Mediano,Geriatrico
105,Atzin,Hembra,Mediano,Adulto
106,Cacahuatl,Hembra,Grande,Adulto
107,Yiki,Hembra,Mediano,Geriatrico
108,Cempoalxochitl,Hembra,Grande,Adulto
109,Capulin,Macho,Mediano,Adulto
110,Chalchihuitl,Hembra,Mediano,Adulto
111,Chayotli,Hembra,Grande,Geriatrico
112,Chian,Hembra,Mediano,Adulto
113,Chichicastli,Hembra,Mediano,Geriatrico
114,Chilpoctli,Hembra,Grande,Adulto
115,Cipactli,Macho,Mediano,Adulto
116,Citlalmina,Hembra,Grande,Adulto
117,kava,Hembra,Grande,Adulto
118,Yoko,Hembra,Grande,Adulto
119,Ze,Hembra,Grande,Adulto
120,Cuicatl,Hembra,Grande,Adulto
121,Eloxochitl,Hembra,Mediano,Adulto
122,Epazotl,Hembra,Mediano,Geriatrico
123,Eztli,Macho,Grande,Adulto
124,Huanacaxtle,Macho,Mediano,Geriatrico
125,Huixachi,Hembra,Grande,Adulto
126,Ilamatecuhtli,Macho,Mediano,Geriatrico
127,Ki,Macho,Mediano,Adulto
128,Iztaccihuatl,Macho,Mediano,Adulto
129,Xicamatl,Macho,Grande,Geriatrico
130,Macuilxochitl,Macho,Grande,Adulto
131,Matlal,Hembra,Mediano,Adulto
132,Metlatl,Macho,Mediano,Adulto
133,Mictlan,Macho,Grande,Adulto
134,Mixcoatl,Hembra,Mediano,Adulto
135,Mixtli,Macho,Mediano,Geriatrico
136,Molcaxitl,Macho,Grande,Adulto
137,Nantli,Hembra,Grande,Geriatrico
138,Nopalli,Hembra,Chico,Adulto
139,Oceloxochitl,Hembra,Grande,Adulto
140,Ocotl,Macho,Mediano,Geriatrico
141,Omeyocan,Macho,Grande,Adulto
142,Panalli,Hembra,Grande,Adulto
143,Petlatl,Hembra,Mediano,Adulto
144,Peyotl,Hembra,Grande,Geriatrico
145,Picietl,Hembra,Mediano,Adulto
146,Pinolli,Macho,Grande,Adulto
147,Pochotl,Macho,Mediano,Adulto
148,Quiahuiztlan,Hembra,Chico,Geriatrico
149,Tlane,Hembra,Mediano,Adulto
150,Teotl,Macho,Mediano,Adulto
151,Teponaxtli,Hembra,Mediano,Adulto
152,Teyolia,Hembra,Chico,Geriatrico
153,Tecuixpo,Macho,Chico,Geriatrico
154,Tlaxcalli,Hembra,Chico,Adulto
155,Tolteca,Macho,Chico,Adulto
156,Tepezcuintle,Macho,Chico,Geriatrico
157,Tlacuatzin,Macho,Mediano,Geriatrico
158,Topiltzin,Hembra,Mediano,Geriatrico
159,Tullin,Macho,Mediano,Adulto
160,Tzintzuni,Macho,Grande,Adulto
161,Tlilxochitl,Hembra,Mediano,Adulto
162,Xalapa,Hembra,Mediano,Adulto
163,Xilonen,Macho,Mediano,Geriatrico
164,Xitomatl,Hembra,Mediano,Geriatrico
165,Xochicuahuitl,Hembra,Mediano,Geriatrico
166,Zacatepetl,Macho,Mediano,Adulto
167,Xochiquetzal,Hembra,Mediano,Geriatrico
168,Xoconochtli,Hembra,Mediano,Geriatrico
169,Yacatecuhtli,Hembra,Mediano,Adulto
170,Axolotl,Macho,Mediano,Adulto
171,Xochipilli,Hembra,Grande,Adulto
172,Centzontli,Macho,Mediano,Geriatrico
173,Ziyanya,Hembra,Mediano,Adulto
174,Yali,Hembra,Mediano,Geriatrico
175,Cuicacoche,Macho,Mediano,Geriatrico
176,Cacomiztli,Macho,Mediano,Adulto
177,Chachalacatl,Macho,Mediano,Adulto
178,Ayotochtli,Hembra,Mediano,Geriatrico
179,Mapachtli,Hembra,Mediano,Adulto
180,Nohualli,Macho,Mediano,Adulto
181,Quetzalcoatl,Macho,Mediano,Adulto
182,Techichi,Macho,Mediano,Adulto
183,Tonalli,Hembra,Mediano,Adulto
184,Tonantzin,Hembra,Mediano,Adulto
185,Xoloitzcuintli,Macho,Mediano,Adulto
186,Ahuiltzin,Hembra,Mediano,Adulto
187,Cuauhyotl,Macho,Grande,Adulto
188,Ihtia,Hembra,Mediano,Adulto
190,Ixtlilton,Macho,Mediano,Adulto
191,Ilancueitl,Hembra,Mediano,Geriatrico
192,Mictlantecuhtli,Hembra,Chico,Adulto
193,Nenetl,Hembra,Mediano,Geriatrico
194,Tepeyacac,Hembra,Mediano,Geriatrico
195,Pitzotl,Macho,Mediano,Adulto
196,Ometeotl,Macho,Mediano,Adulto
197,Toci,Hembra,Mediano,Adulto
198,Amoxtli,Hembra,Mediano,Geriatrico
199,Xopan,Hembra,Mediano,Adulto
200,Yucu,Hembra,Mediano,Geriatrico
201,Acocil,Hembra,Mediano,Adulto
202,Ahuatl,Macho,Grande,Adulto
203,Ayoxochitl,Hembra,Mediano,Adulto
204,Cahualli,Hembra,Mediano,Adulto
205,Cuetlaxochitl,Hembra,Mediano,Adulto
206,Ehecacoatl,Macho,Chico,Adulto
207,Elotl,Hembra,Mediano,Geriatrico
208,Ezpitzal,Hembra,Chico,Adulto
209,Huexotl,Hembra,Mediano,Adulto
210,Huitzilopochtli,Hembra,Mediano,Geriatrico
211,Ichcatl,Hembra,Mediano,Adulto
212,Ichtli,Macho,Grande,Adulto
213,Icpalli,Hembra,Mediano,Adulto
214,Ilhuicamina,Hembra,Mediano,Adulto
215,Itzcoatl,Hembra,Mediano,Adulto
216,Ixcuina,Macho,Mediano,Adulto
217,Mahuiztic,Macho,Mediano,Adulto
218,Mazacoatl,Hembra,Chico,Adulto
219,Michin,Macho,Mediano,Adulto
220,Mixtecatl,Hembra,Mediano,Adulto
221,Mocel,Macho,Chico,Adulto
222,Nezahualcoyotl,Macho,Chico,Adulto
224,Nahu,Hembra,Mediano,Geriatrico
225,Nezahualpilli,Hembra,Mediano,Adulto
226,Ocelopan,Macho,Chico,Geriatrico
227,Teocuitlatl,Hembra,Mediano,Adulto
228,Teoxihuitl,Hembra,Mediano,Adulto
229,Teyac,Hembra,Mediano,Geriatrico
230,Tlacotl,Macho,Mediano,Adulto
231,Tianquiztli,Hembra,Mediano,Geriatrico
232,Tlaloque,Macho,Mediano,Adulto
233,Tlamatini,Macho,Mediano,Adulto
234,Tlanextli,Macho,Mediano,Adulto
235,Tlatoani,Hembra,Mediano,Adulto
236,Tlazohtzin,Hembra,Mediano,Adulto
237,Toltecatl,Macho,Mediano,Adulto
238,Totonal,Hembra,Mediano,Geriatrico
239,Tzictli,Macho,Mediano,Adulto
240,Xaltocan,Hembra,Mediano,Geriatrico
241,Xiuhcoatl,Hembra,Mediano,Adulto
242,Xiuhpilli,Macho,Mediano,Adulto
243,Yeyetzi,Macho,Mediano,Geriatrico
244,Yolihuani,Macho,Mediano,Adulto
245,Zompantli,Macho,Mediano,Adulto
246,Akbal,Macho,Mediano,Adulto
247,Alom,Macho,Mediano,Adulto
249,Caban,Hembra,Mediano,Geriatrico
250,Cacau,Macho,Mediano,Adulto
251,Cauac,Hembra,Mediano,Adulto
252,Ceel,Hembra,Mediano,Geriatrico
254,Chalam,Macho,Mediano,Adulto
255,Tsiri,Hembra,Mediano,Geriatrico
256,Chulel,Hembra,Mediano,Adulto
257,Chilam,Macho,Mediano,Geriatrico
259,Etznab,Hembra,Mediano,Adulto
261,Hunab,Macho,Mediano,Adulto
262,Hunabku,Hembra,Mediano,Adulto
263,Itza,Hembra,Mediano,Adulto
264,Imix,Macho,Grande,Adulto
265,Kisin,Hembra,Chico,Adulto
266,Kabil,Hembra,Mediano,Adulto
267,Kakmo,Macho,Mediano,Adulto
268,Kante,Hembra,Mediano,Adulto
269,Kaxan,Hembra,Mediano,Adulto
270,Ixbalanque,Macho,Mediano,Adulto
271,Likin,Hembra,Mediano,Adulto
272,Lamat,Hembra,Mediano,Adulto
273,Kukulcan,Macho,Mediano,Adulto
274,Muluc,Macho,Grande,Adulto
275,Manik,Hembra,Mediano,Geriatrico
276,Nacom,Macho,Mediano,Adulto
277,Pixan,Hembra,Mediano,Adulto
278,Pauahtun,Hembra,Mediano,Adulto
279,Nohoch,Macho,Mediano,Adulto
280,Puksiik,Hembra,Mediano,Adulto
281,Saci,Hembra,Mediano,Adulto
282,Sak,Macho,Mediano,Adulto
283,Sotz,Macho,Mediano,Adulto
285,Toh,Macho,Mediano,Adulto
286,Tzak,Hembra,Mediano,Adulto
287,Tzimin,Hembra,Mediano,Adulto
288,Uayeb,Macho,Mediano,Geriatrico
289,Uinal,Macho,Mediano,Adulto
290,Uinic,Macho,Grande,Adulto
291,Votan,Macho,Mediano,Adulto
292,Xaman,Hembra,Mediano,Adulto
293,Xibalba,Hembra,Mediano,Adulto
294,Benda,Hembra,Mediano,Adulto
295,Yax,Hembra,Mediano,Adulto
296,Yaxche,Hembra,Mediano,Adulto
297,Yumil,Macho,Mediano,Adulto
298,Yumkaax,Macho,Mediano,Adulto
299,Balaa,Hembra,Mediano,Cachorro
300,Bani,Macho,Grande,Adulto
301,Yaluk,Macho,Mediano,Adulto
305,Beza,Hembra,Grande,Adulto
306,Bila,Macho,Grande,Adulto
307,Biza,Macho,Mediano,Adulto
308,Bupu,Hembra,Mediano,Adulto
309,Dani,Hembra,Mediano,Adulto
310,Gita,Macho,Mediano,Adulto
311,Gubi,Hembra,Mediano,Adulto
312,Nisa,Hembra,Mediano,Adulto
313,Pita,Hembra,Grande,Adulto
314,Pee,Macho,Mediano,Geriatrico
315,Quie,Macho,Mediano,Adulto
316,Xiga,Macho,Mediano,Adulto
317,Xilase,Hembra,Mediano,Adulto
318,Xoo,Macho,Grande,Geriatrico
319,Zita,Hembra,Mediano,Adulto
320,Yoo,Macho,Mediano,Adulto
321,Yaba,Hembra,Mediano,Adulto
322,Ita,Hembra,Mediano,Adulto
323,Nuu,Hembra,Grande,Geriatrico
324,Savi,Hembra,Mediano,Geriatrico
325,Viko,Macho,Grande,Adulto
326,Tachi,Hembra,Mediano,Adulto
327,Yukun,Hembra,Grande,Adulto
328,Kuin,Macho,Grande,Geriatrico
329,Ahuic,Macho,Mediano,Geriatrico
330,Amoxli,Macho,Grande,Adulto
331,Chalchiuh,Macho,Mediano,Adulto
332,Cuerauaperi,Hembra,Mediano,Geriatrico
333,Curicaueri,Macho,Mediano,Adulto
334,Erandi,Hembra,Mediano,Geriatrico
335,Huriata,Macho,Grande,Adulto
336,Itsi,Hembra,Grande,Adulto
337,Janikua,Hembra,Mediano,Adulto
338,Jurhiata,Hembra,Grande,Adulto
339,Yuta,Hembra,Grande,Adulto
341,Mintzita,Hembra,Grande,Adulto
342,Pirekua,Hembra,Mediano,Adulto
343,Purhembe,Macho,Grande,Adulto
344,Tariacuri,Macho,Grande,Adulto
345,Tireti,Macho,Chico,Adulto
346,Sikua,Hembra,Chico,Adulto
347,Xarhi,Hembra,Chico,Geriatrico
348,Uekakua,Hembra,Chico,Geriatrico
349,Acali,Hembra,Mediano,Geriatrico
350,Acatzin,Hembra,Chico,Adulto
351,Amba,Hembra,Chico,Geriatrico
352,Atari,Hembra,Chico,Geriatrico
353,Anahuac,Hembra,Mediano,Adulto
354,Atla,Hembra,Chico,Adulto
355,Ayocuan,Hembra,Mediano,Adulto
356,Caltzontzin,Hembra,Mediano,Adulto
357,Chantico,Macho,Mediano,Adulto
358,Atsiri,Hembra,Mediano,Adulto
359,Xidä,Macho,Grande,Geriatrico
360,Tlaolli,Hembra,Grande,Adulto
361,Ndaha,Hembra,Mediano,Geriatrico
362,Citlaltzin,Macho,Grande,Adulto
363,Cuauhtzin,Hembra,Grande,Geriatrico
364,Ehecatzin,Hembra,Mediano,Geriatrico
365,Icnocuicatl,Hembra,Mediano,Adulto
366,Huilotl,Macho,Mediano,Adulto
367,Ilhuicatl,Hembra,Mediano,Geriatrico
368,Ixiptla,Hembra,Mediano,Geriatrico
369,Izcatqui,Macho,Mediano,Adulto
370,Kuautli,Hembra,Mediano,Geriatrico
371,Yoli ,Hembra,Mediano,Geriatrico
372,Macuil,Hembra,Mediano,Geriatrico
373,Nuni,Hembra,Mediano,Geriatrico
374,Matlalcueye,Hembra,Mediano,Geriatrico
375,Miyahuatl,Macho,Mediano,Geriatrico
376,Mictlanxochitl,Hembra,Mediano,Geriatrico
377,Zetl,Hembra,Grande,Geriatrico
378,Xipe,Macho,Mediano,Geriatrico
379,Nacxitl,Hembra,Mediano,Adulto
380,Tlahuizcalpantecuhtli,Macho,Mediano,Adulto
381,Nextli,Macho,Grande,Adulto
382,Nohpalli,Hembra,Grande,Adulto
383,Ocelotzin,Macho,Mediano,Geriatrico
384,Olintecuhtli,Macho,Grande,Adulto
385,Pachtzin,Hembra,Grande,Adulto
386,Quetzalxochitl,Hembra,Mediano,Adulto
387,Tamoanchan,Macho,Mediano,Geriatrico
388,Tecciztecatl,Macho,Mediano,Adulto
389,Tecpon,Macho,Grande,Adulto
390,Temachtiani,Hembra,Mediano,Adulto
391,Tepeyac,Hembra,Grande,Geriatrico
392,Ameyaltzin,Hembra,Grande,Geriatrico
393,Moyohuali,Hembra,Grande,Adulto
394,Tlalocatzin,Hembra,Mediano,Adulto
395,Tlatoa,Macho,Grande,Adulto
396,Tonalnan,Hembra,Mediano,Adulto
397,Toxcatl,Macho,Mediano,Geriatrico
398,Tzitzimitl,Hembra,Chico,Adulto
399,Xantico,Macho,Mediano,Adulto
400,Nanahuatzin,Hembra,Chico,Adulto
401,Xiuhmolpilli,Macho,Mediano,Adulto
402,Xochitlican,Macho,Mediano,Cachorro
403,Xoloti,Hembra,Mediano,Cachorro
404,Yacapitzahuac,Hembra,Mediano,Adulto
405,Yaoquixqui,Hembra,Mediano,Geriatrico
406,Yohualtecuhtli,Hembra,Mediano,Adulto
407,Zacatzin,Hembra,Mediano,Adulto
408,Zantl,Macho,Chico,Geriatrico
409,Yaxha,Macho,Chico,Geriatrico
410,Tezcatlipoca,Macho,Chico,Adulto
411,Atlatl,Macho,Mediano,Adulto
412,Cahuitl,Hembra,Mediano,Adulto
413,Chalchiu,Macho,Mediano,Geriatrico
414,Cozca,Hembra,Mediano,Geriatrico
415,Coyol,Macho,Mediano,Geriatrico
416,Tepepil,Hembra,Mediano,Geriatrico
417,Etl,Hembra,Mediano,Adulto
418,Huemac,Macho,Mediano,Geriatrico
419,Papalotzin,Macho,Mediano,Adulto
420,Bitu,Macho,Mediano,Adulto
421,Ihiyotl,Macho,Grande,Adulto
422,Ilhuitzin,Hembra,Mediano,Adulto
423,Itzmolini,Macho,Mediano,Adulto
424,Ixtiyac,Hembra,Mediano,Adulto
425,Macuilli,Hembra,Grande,Adulto
426,Othi,Macho,Mediano,Adulto
427,Omitl,Macho,Mediano,Geriatrico
428,Neltiliztli,Hembra,Mediano,Adulto
429,Mazatzin,Hembra,Mediano,Adulto
430,Huitzilxochitl,Hembra,Mediano,Adulto
431,Patli,Hembra,Chico,Adulto
432,Teuhtli,Macho,Grande,Adulto
433,Quiahui,Hembra,Mediano,Adulto
434,Hyadi,Hembra,Mediano,Adulto
435,Tecpilli,Hembra,Grande,Adulto
436,Kutsi,Macho,Mediano,Adulto
437,Qualli,Hembra,Mediano,Adulto
438,Tiachcauh,Macho,Mediano,Adulto
439,Tlacuilo,Macho,Mediano,Adulto
440,Tika,Hembra,Mediano,Adulto
441,Iztac,Hembra,Mediano,Adulto
442,Tlazohtli,Hembra,Mediano,Geriatrico
443,Tototzin,Hembra,Grande,Adulto
444,Tzacualli,Macho,Mediano,Geriatrico
445,Tzapotzin,Hembra,Mediano,Geriatrico
446,Xiuhtecuhtli,Hembra,Mediano,Geriatrico
447,Yacatl,Macho,Mediano,Adulto
448,Ameyaltl,Hembra,Grande,Adulto
449,Xochimilcatl,Hembra,Chico,Adulto
450,Yancuictlal,Macho,Mediano,Geriatrico
451,Yolyamanitzin,Macho,Mediano,Geriatrico
452,Bax,Macho,Mediano,Adulto
453,Ah Kin,Hembra,Grande,Adulto
454,Balamil,Hembra,Mediano,Geriatrico
455,Tiza,Hembra,Mediano,Geriatrico
457,Chaltun,Macho,Mediano,Geriatrico
458,Che,Macho,Grande,Adulto
459,Duchi,Macho,Mediano,Adulto
460,Ek,Hembra,Grande,Adulto
462,Yen,Hembra,Mediano,Adulto
463,Ha,Hembra,Mediano,Geriatrico
464,Halach,Macho,Grande,Adulto
465,Itzmin,Hembra,Mediano,Adulto
466,Kab,Hembra,Chico,Adulto
467,Kabah,Hembra,Mediano,Geriatrico
468,Kaanbal,Macho,Mediano,Adulto
469,Kan,Hembra,Chico,Adulto
470,Kik,Hembra,Mediano,Adulto
472,Kaanil,Hembra,Mediano,Adulto
473,Lobil,Macho,Mediano,Geriatrico
474,Lu'um,Hembra,Mediano,Geriatrico
475,Na,Hembra,Chico,Geriatrico
476,Mukuy,Hembra,Mediano,Geriatrico
478,Maax,Macho,Chico,Adulto
479,Otoch,Macho,Mediano,Geriatrico
480,Nal,Hembra,Grande,Adulto
481,Pakal,Macho,Mediano,Geriatrico
482,Pek,Macho,Grande,Geriatrico
483,Pom,Hembra,Mediano,Geriatrico
484,Puuc,Hembra,Mediano,Adulto
485,Sihil,Hembra,Mediano,Geriatrico
486,Tza,Hembra,Mediano,Adulto
487,Taman,Macho,Mediano,Adulto
488,Te,Macho,Mediano,Geriatrico
489,Ti'ho,Macho,Grande,Geriatrico
490,Tok,Macho,Mediano,Geriatrico
491,Tun,Macho,Mediano,Geriatrico
492,Taab,Macho,Grande,Geriatrico
493,Uinicil,Macho,Grande,Geriatrico
494,Yaxkin,Hembra,Grande,Geriatrico
495,Xook,Macho,Mediano,Adulto
497,Way,Macho,Mediano,Geriatrico
498,Zian,Hembra,Mediano,Adulto
499,Niza,Hembra,Mediano,Geriatrico
501,Beni,Macho,Mediano,Geriatrico
502,Lulaa,Hembra,Grande,Geriatrico
503,Nahui,Hembra,Mediano,Adulto
504,Amalinal,Hembra,Mediano,Geriatrico
505,Huactli,Hembra,Mediano,Adulto
506,Tiripeti,Hembra,Mediano,Adulto
507,Poctli,Hembra,Mediano,Adulto
508,Tonatzin,Hembra,Grande,Adulto
509,Zoyatl,Hembra,Mediano,Adulto
510,Tecpatl,Hembra,Grande,Adulto
511,Oloxochitl,Hembra,Mediano,Adulto
512,Ahuehuetl,Macho,Mediano,Adulto
513,Axochco,Hembra,Mediano,Geriatrico
514,Tex,Macho,Grande,Geriatrico
515,Acuexcomatl,Hembra,Mediano,Geriatrico
516,Oyametl,Macho,Mediano,Geriatrico
517,Aztlan,Macho,Mediano,Geriatrico
518,Xochinahuac,Macho,Mediano,Geriatrico
519,Tepozan,Macho,Grande,Geriatrico
520,Amacuzac,Macho,Mediano,Geriatrico
521,Chicomexochitl,Hembra,Mediano,Adulto
522,Tlalocamatl,Hembra,Mediano,Geriatrico
523,Tlilapan,Hembra,Mediano,Geriatrico
524,Axochiatl,Hembra,Grande,Geriatrico
525,Altepetzin,Hembra,Mediano,Geriatrico
526,Chalchiuhtepetl,Hembra,Grande,Adulto
527,Yolotepetl,Hembra,Grande,Adulto
528,Citlaltepetl,Hembra,Mediano,Adulto
529,Kíilbal,Macho,Grande,Adulto
531,Iztacapan,Hembra,Mediano,Geriatrico
532,Xoxoapan,Hembra,Chico,Adulto
533,Tehe,Macho,Chico,Adulto
534,Chilli,Macho,Mediano,Geriatrico
535,Itun,Hembra,Chico,Adulto
536,Ini,Hembra,Mediano,Adulto
537,Yoti,Hembra,Chico,Adulto
538,Luba,Hembra,Mediano,Adulto
539,Akun,Hembra,Mediano,Adulto
540,Za nisa,Hembra,Mediano,Adulto
541,Cuautepec,Macho,Mediano,Adulto
542,Dehe xui,Hembra,Mediano,Adulto
543,Xicohtzin,Hembra,Chico,Adulto
544,Temazcalli,Hembra,Mediano,Adulto
545,Batha,Hembra,Mediano,Adulto
546,Vixi,Hembra,Chico,Adulto
547,Ehecatepetl,Macho,Mediano,Geriatrico
548,Tsanda,Hembra,Mediano,Adulto
549,Yuku,Macho,Mediano,Geriatrico
550,Tzinacantlan,Macho,Mediano,Adulto
551,Cuauhtlixtli,Macho,Mediano,Adulto
552,Ocelotzinco,Macho,Mediano,Adulto
553,Hueycuauhtli,Hembra,Mediano,Adulto
554,Miztontli,Hembra,Mediano,Adulto
555,Ehecatochtli,Hembra,Mediano,Adulto
556,Tletlocelotl,Hembra,Mediano,Geriatrico
557,Yolcuauhtli,Hembra,Mediano,Geriatrico
558,Xochimazatl,Hembra,Mediano,Geriatrico
559,Iztaccoyotl,Hembra,Mediano,Adulto
560,Tlilmazatl,Hembra,Grande,Adulto
561,Chichilcoatl,Macho,Grande,Adulto
562,Tochtepetl,Macho,Grande,Adulto
563,Cozauhqui,Hembra,Chico,Geriatrico
564,Mezcal,Macho,Chico,Adulto
565,Tepilmazatl,Macho,Chico,Geriatrico
566,Ocotzin,Macho,Grande,Adulto
567,Yolyamanic,Hembra,Mediano,Geriatrico
568,Tlanextic,Macho,Grande,Adulto
569,Cuauhtzinco,Macho,Mediano,Adulto
570,Centeotzin,Hembra,Mediano,Geriatrico
571,Chalchiuhnenetl,Macho,Mediano,Adulto
572,Xoxouhqui,Hembra,Mediano,Adulto
573,Ezpitzalli,Macho,Grande,Adulto
574,Huematzin,Hembra,Mediano,Geriatrico
575,Ilhuitcatl,Hembra,Grande,Adulto
576,Itzmolincan,Macho,Mediano,Adulto
577,Coyolillo,Macho,Grande,Geriatrico
578,Quetzaltototl,Macho,Mediano,Geriatrico
579,Ahkinxoc,Macho,Mediano,Geriatrico
580,Teotlalpan,Hembra,Grande,Geriatrico
581,Tlacatecolotl,Hembra,Mediano,Adulto
582,Tlanextzin,Hembra,Mediano,Geriatrico
583,Tlazohtzinco,Hembra,Mediano,Geriatrico
584,Tecpatzin,Hembra,Chico,Adulto
585,Ahuian,Hembra,Grande,Adulto
586,Yacatli,Hembra,Mediano,Geriatrico
587,Zacualco,Macho,Grande,Geriatrico
588,Nahuacatzin,Hembra,Mediano,Geriatrico
589,Balamtun,Hembra,Grande,Adulto
590,Chacmool,Macho,Grande,Geriatrico
591,Ekbalam,Macho,Mediano,Geriatrico
592,Ixbablu,Macho,Mediano,Adulto
593,Kaanal,Macho,Mediano,Geriatrico
594,Kinich,Macho,Grande,Geriatrico
595,Kukulkan,Hembra,Mediano,Geriatrico
596,Lahún,Hembra,Mediano,Adulto
597,Nohochkabal,Hembra,Mediano,Adulto
598,Sasil,Macho,Mediano,Geriatrico
599,Tumben,Macho,Grande,Adulto
600,Uxmal,Macho,Mediano,Adulto
601,Xamanek,Macho,Grande,Geriatrico
602,Yaax,Macho,Grande,Adulto
603,Zacilha,Hembra,Mediano,Adulto
604,Naxhi,Hembra,Grande,Geriatrico
605,Danisba,Hembra,Mediano,Geriatrico
606,Guelaguetza,Hembra,Mediano,Adulto
607,Laxopa,Hembra,Mediano,Adulto
608,Bidoo,Macho,Grande,Adulto
609,Pitao,Macho,Grande,Adulto
610,Xabizaa,Macho,Grande,Geriatrico
611,Yubidza,Macho,Mediano,Adulto
612,Zaachila,Hembra,Mediano,Adulto
613,Zianya,Hembra,Mediano,Adulto
614,Atonaltzin,Hembra,Mediano,Adulto
615,Dzahui,Hembra,Mediano,Adulto
616,Tindoo,Macho,Mediano,Adulto
617,Ndicandii,Hembra,Grande,Adulto
618,Ñuu,Hembra,Chico,Adulto
619,Sananda,Hembra,Mediano,Geriatrico
620,Itaandehui,Hembra,Mediano,Adulto
621,Vehe,Macho,Grande,Adulto
622,Xina,Hembra,Mediano,Adulto
623,Yatin,Macho,Mediano,Adulto
624,Akamba,Hembra,Mediano,Geriatrico
625,Charaku,Macho,Mediano,Adulto
627,Eratzini,Macho,Mediano,Adulto
628,Iripan,Macho,Chico,Adulto
629,Janintzi,Hembra,Grande,Geriatrico
631,Kurikaveri,Hembra,Mediano,Geriatrico
632,Mintziri,Hembra,Mediano,Geriatrico
633,K'eri,Macho,Mediano,Adulto
634,Tariata,Hembra,Grande,Adulto
635,Uandari,Macho,Grande,Adulto
636,Xucupan,Hembra,Mediano,Adulto
637,Yuriri,Macho,Grande,Adulto
638,Zirahuén,Macho,Mediano,Adulto
639,Acalxochitl,Hembra,Mediano,Adulto
640,Aticapan,Macho,Mediano,Geriatrico
641,Aztecatepetl,Hembra,Mediano,Geriatrico
642,Calmécac,Macho,Mediano,Adulto
643,Chalchiuhtli,Macho,Mediano,Adulto
644,Chimalli,Hembra,Grande,Adulto
645,Cihuapilli,Hembra,Mediano,Adulto
646,Cinteotl,Macho,Mediano,Geriatrico
647,Cuicayan,Hembra,Mediano,Adulto
648,Meztlixochitl,Hembra,Grande,Adulto
649,Huitz,Hembra,Grande,Adulto
650,Ilhuicatlán,Hembra,Mediano,Adulto
651,Iztaccíhuatl,Hembra,Grande,Adulto
652,Macuilcuetzpalin,Hembra,Mediano,Adulto
653,Yau,Macho,Mediano,Geriatrico
654,Nahuapilli,Hembra,Grande,Geriatrico
655,Omeihuitl,Hembra,Mediano,Adulto
656,Panquetzaliztli,Hembra,Mediano,Adulto
657,Quetzalmamalitzin,Hembra,Mediano,Geriatrico
658,Ina,Hembra,Mediano,Geriatrico
659,Ena,Hembra,Mediano,Adulto
660,Lirio,Hembra,Mediano,Geriatrico
661,Tlaltonatiuh,Macho,Mediano,Geriatrico
662,Etail,Hembra,Mediano,Adulto
663,Xilonentzin,Hembra,Mediano,Adulto
664,Yohuallixtli,Hembra,Mediano,Geriatrico
665,Zacamilli,Macho,Grande,Geriatrico
666,Acamapichtzin,Hembra,Mediano,Geriatrico
667,Axayacatl ,Hembra,Mediano,Geriatrico
668,Axayacatzin,Macho,Mediano,Geriatrico
669,Bidxii,Hembra,Mediano,Adulto
670,Japu,Hembra,Grande,Adulto
671,Xuncu,Hembra,Mediano,Adulto
672,Tenochtzin,Hembra,Mediano,Adulto
673,Tizoc,Hembra,Grande,Adulto
674,Tlacaeleltzin,Hembra,Mediano,Adulto
675,Xolotzin,Macho,Mediano,Geriatrico
676,Mali,Hembra,Mediano,Adulto
677,Acamapilli,Hembra,Mediano,Adulto
678,Yoo tnee,Hembra,Mediano,Adulto
679,Ameyalton,Hembra,Mediano,Geriatrico
680,Atzinco,Hembra,Grande,Adulto
681,Fili,Macho,Mediano,Adulto
682,Sabak,Macho,Mediano,Adulto
683,Cihuacalli,Hembra,Grande,Adulto
684,Coatlicue,Hembra,Mediano,Adulto
685,Mine,Hembra,Grande,Adulto
686,Ehecaquiahuitl,Macho,Mediano,Adulto
687,Huapalcalco,Macho,Mediano,Adulto
688,Dali,Hembra,Mediano,Adulto
689,Ixtlilxochitl,Hembra,Mediano,Adulto
690,Izcatepec,Hembra,Mediano,Adulto
691,Yu ,Macho,Grande,Adulto
692,Andivi,Macho,Grande,Adulto
694,Nantzin,Hembra,Grande,Adulto
695,Nopal,Macho,Mediano,Geriatrico
696,Itz,Macho,Mediano,Adulto
697,Iñi,Macho,Mediano,Adulto
698,Tamoa,Hembra,Mediano,Geriatrico
700,Tepoztecatl,Hembra,Mediano,Adulto
701,Xoco,Macho,Mediano,Adulto
702,Rino,Macho,Mediano,Adulto
703,Sid,Macho,Grande,Adulto
704,Xolotlcan,Hembra,Mediano,Adulto
705,Yacatzinco,Macho,Grande,Adulto
707,Yolo,Macho,Mediano,Geriatrico
709,Yaga,Hembra,Mediano,Adulto
710,Cacao,Macho,Mediano,Adulto
711,Luba',Hembra,Mediano,Adulto
712,Guixi,Macho,Mediano,Adulto
713,Nduku,Macho,Mediano,Geriatrico
714,Maguey,Hembra,Mediano,Adulto
715,Nieblita,Hembra,Grande,Adulto
716,Muyal,Macho,Mediano,Adulto
717,Sayab,Hembra,Mediano,Adulto
718,Yuuva,Hembra,Grande,Adulto
719,Ceiba,Hembra,Grande,Adulto
720,Jantsiri,Hembra,Mediano,Adulto
721,Tiví,Hembra,Mediano,Adulto
723,Yutnu,Hembra,Mediano,Adulto
724,Yaxal,Hembra,Mediano,Adulto
725,Tzuni,Macho,Mediano,Adulto
726,Xini,Hembra,Mediano,Adulto
727,Xah,Macho,Mediano,Adulto
728,Xui,Macho,Mediano,Adulto
729,Kuta,Hembra,Mediano,Adulto
730,Oyame,Macho,Grande,Adulto
731,Kun,Macho,Mediano,Adulto
732,Ceibita,Hembra,Mediano,Adulto
733,Teoloyucan,Hembra,Mediano,Adulto
734,Tepetlixpa,Hembra,Grande,Adulto
735,cielo,Hembra,Mediano,Adulto
736,Niebla,Macho,Mediano,Adulto
737,Abies,Macho,Mediano,Adulto
738,Cedro,Macho,Mediano,Adulto
739,Dongo,Hembra,Mediano,Adulto
740,Colorin,Hembra,Mediano,Adulto
741,Cempa,Hembra,Mediano,Adulto
742,Tonali,Hembra,Mediano,Adulto
743,Segi,Macho,Grande,Adulto
744,Luna,Hembra,Grande,Adulto
745,Nzaki,Macho,Grande,Adulto
746,Tlaloc,Hembra,Mediano,Adulto
747,Chaac,Macho,Grande,Adulto
748,Muti,Macho,Mediano,Adulto
749,Choom,Hembra,Grande,Adulto
751,Haab,Macho,Mediano,Adulto
752,Zina,Macho,Grande,Adulto
753,Kuini,Macho,Grande,Adulto
754,Japunda,Hembra,Mediano,Adulto
755,Hai,Hembra,Grande,Adulto
756,Aura,Hembra,Grande,Adulto
757,Biaani,Hembra,Mediano,Adulto
758,Khu,Macho,Mediano,Adulto
759,Bedi,Hembra,Grande,Adulto
760,Zana,Hembra,Mediano,Adulto
761,Buxka,Hembra,Grande,Adulto
762,Xaha,Macho,Grande,Adulto
763,Soka,Macho,Mediano,Adulto
764,Eztel,Hembra,Grande,Adulto
765,Kook,Macho,Mediano,Adulto
766,Bigu,Hembra,Mediano,Adulto
768,Cent,Hembra,Mediano,Adulto
769,YuuKuan,Macho,Mediano,Adulto
770,Utsil,Macho,Mediano,Adulto
771,Xalxalli,Hembra,Chico,Adulto
772,Urapeti,Macho,Mediano,Adulto
773,Cuisi,Hembra,Grande,Adulto
775,Naquichi,Hembra,Mediano,Adulto
776,Itsï,Hembra,Grande,Adulto
777,Xihuitl,Macho,Mediano,Geriatrico
778,Kuii,Macho,Grande,Adulto
779,Mixiuhca,Hembra,Mediano,Adulto
780,Zoquitl,Macho,Grande,Adulto
782,Cetl,Hembra,Grande,Adulto
783,Xolo,Macho,Mediano,Adulto
784,Ozolc,Macho,Mediano,Adulto
785,Tsibi,Macho,Mediano,Adulto
786,Hueyatl,Hembra,Grande,Adulto
787,Yahui,Macho,Grande,Adulto
788,Uákusi,Hembra,Grande,Adulto
789,Yáha,Hembra,Mediano,Adulto
790,Biulú,Hembra,Grande,Adulto
791,Axuni,Hembra,Grande,Adulto
792,Isu,Hembra,Chico,Adulto
793,Xuwe,Hembra,Grande,Adulto
794,Xola,Hembra,Mediano,Adulto
795,Okochí,Macho,Mediano,Adulto
796,Chicha,Hembra,Mediano,Adulto
797,Uíchu,Hembra,Mediano,Adulto
798,Amaxac,Hembra,Mediano,Geriatrico
799,Apaxco,Hembra,Mediano,Adulto
800,Ameyal,Macho,Grande,Adulto
802,Capulhuac,Hembra,Mediano,Adulto
803,Katha,Hembra,Grande,Adulto
804,Yuu,Hembra,Mediano,Adulto
805,Ocote,Macho,Grande,Adulto
806,Chicalot,Macho,Chico,Adulto
808,Izhuatl,Hembra,Chico,Adulto
809,Yaxhe,Hembra,Mediano,Adulto
811,Tetl,Macho,Grande,Adulto
812,Iczotl,Macho,Mediano,Adulto
813,Yuxi,Hembra,Mediano,Adulto
814,Metl,Hembra,Mediano,Geriatrico
815,Maiz,Hembra,Grande,Geriatrico
816,Bicaa,Macho,Grande,Adulto
817,Ayotli,Macho,Grande,Geriatrico
818,Pich,Hembra,Chico,Adulto
819,Pucte,Macho,Mediano,Geriatrico
820,Nicte,Hembra,Grande,Geriatrico
821,Huaxi,Hembra,Mediano,Adulto
822,Teonochtli,Hembra,Mediano,Adulto
824,Tollin,Hembra,Mediano,Adulto
825,Xonotl,Hembra,Mediano,Adulto
826,Suki,Hembra,Grande,Adulto
827,Amatl,Hembra,Mediano,Adulto
829,Yaro,Hembra,Mediano,Adulto
830,Xaba,Macho,Grande,Adulto
831,Yarin,Hembra,Mediano,Adulto
832,Oztotl,Hembra,Mediano,Adulto
833,Motz,Macho,Mediano,Geriatrico
834,Xopa,Macho,Mediano,Adulto
835,Tlapetlalli,Macho,Grande,Adulto
836,Tepotz,Hembra,Mediano,Adulto
837,Huracan,Macho,Mediano,Adulto
838,Uaxac,Macho,Grande,Adulto
839,Guigu,Hembra,Mediano,Adulto
840,Cozobi,Hembra,Mediano,Geriatrico
841,Yeeb,Macho,Mediano,Adulto
842,Timilpan,Hembra,Mediano,Adulto
843,Amanalli,Hembra,Mediano,Adulto
844,Tlatlaya,Hembra,Mediano,Adulto
845,Tiñu,Hembra,Mediano,Adulto
846,Tonatico,Macho,Grande,Adulto
847,Za,Macho,Chico,Adulto
848,Atlahua,Macho,Mediano,Adulto
849,Vallechalco,Hembra,Mediano,Geriatrico
851,Villaapan,Hembra,Mediano,Geriatrico
852,VillaXochitl,Macho,Mediano,Adulto
853,Kuee,Hembra,Mediano,Adulto
854,Auanda,Hembra,Mediano,Adulto
855,Miel,Macho,Grande,Adulto
